,Unnamed: 0,true_rating,squared_error,count,avg_squared_error,rmse
0,0,1,14465.453171564814,5586,2.589590614315219,1.6092204989730956
1,1,2,14469.244969149326,10847,1.3339397961786048,1.1549631146398593
2,2,3,14401.246233410911,26220,0.5492466145465642,0.7411117422808549
3,3,4,13314.028088905996,34682,0.3838887056371027,0.6195875286326402
4,4,5,21285.67078707592,22666,0.9391013318219322,0.9690724079355124
