,true_rating,squared_error,count,avg_squared_error
0,1,21622.887642895792,5756,3.7565822868130283
1,2,14411.451024617823,10310,1.397812902484755
2,3,7282.764112713357,25392,0.2868133314710679
3,4,19817.605354118485,34668,0.5716397067646961
4,5,53966.21948460032,23875,2.260365214014673
