,true_rating,squared_error,count,avg_squared_error
0,1,14653.002118831682,5611,2.6114778326201535
1,2,14473.805383180312,10701,1.3525656838781714
2,3,14318.371889421001,25991,0.5508973063530068
3,4,13683.828207914117,35147,0.3893313286458053
4,5,21302.47509301257,22759,0.9360022449585909
