,true_rating,squared_error,count,avg_squared_error
0,1,14465.453171564814,5586,2.589590614315219
1,2,14469.244969149326,10847,1.3339397961786048
2,3,14401.246233410913,26220,0.5492466145465642
3,4,13314.028088905996,34682,0.3838887056371027
4,5,21285.670787075916,22666,0.9391013318219322
