,true_rating,squared_error,count,avg_squared_error
0,1,14624.223488794943,5616,2.604028399001949
1,2,14316.641436395754,10901,1.3133328535359834
2,3,14379.794254292341,25852,0.5562352720985743
3,4,14573.69526826381,34912,0.41744085896722644
4,5,22189.149010937523,22560,0.9835615696337554
