rating,squared_error,count,avg_squared_error
1,15517.790352081292,5586,2.777978938790063
2,12794.570203356741,10847,1.179549202853945
3,9288.4289139655,26220,0.35424976788579327
4,10738.043916041988,34682,0.3096143220126287
5,24639.350695872203,22666,1.0870621501752493
