,rating,squared_error,count,avg_squared_error,rmse
0,1,15517.790352081292,5586,2.777978938790063,1.6667270138778165
1,2,12794.57020335674,10847,1.179549202853945,1.086070533093475
2,3,9288.4289139655,26220,0.3542497678857932,0.5951888506060855
3,4,10738.043916041988,34682,0.3096143220126287,0.5564299794337367
4,5,24639.350695872203,22666,1.087062150175249,1.0426227266730996
